"Symbol","Series","Date","Prev Close","Open Price","High Price","Low Price","Last Price","Close Price","Average Price","Total Traded Quantity","Turnover","No. of Trades","Deliverable Qty","% Dly Qt to Traded Qty"
"CIPLA","EQ","20-Jun-2017","        539.75","        539.75","        549.50","        536.00","        547.50","        547.85","        544.70","     774728","           421992936.60","      22560","     263456","         34.01"
"CIPLA","EQ","21-Jun-2017","        547.85","        544.50","        546.00","        535.20","        539.90","        541.00","        539.31","     784293","           422976804.95","      35681","     263292","         33.57"
"CIPLA","EQ","22-Jun-2017","        541.00","        540.00","        545.55","        539.05","        540.15","        540.15","        541.63","     750732","           406620852.35","      19190","     196402","         26.16"
"CIPLA","EQ","23-Jun-2017","        540.15","        540.90","        544.00","        538.30","        542.45","        541.15","        541.04","     603986","           326782519.20","      27670","     248543","         41.15"
"CIPLA","EQ","27-Jun-2017","        541.15","        542.50","        551.60","        533.10","        534.90","        534.65","        539.54","    1038604","           560366123.00","      25290","     458054","         44.10"
"CIPLA","EQ","28-Jun-2017","        534.65","        535.40","        538.65","        531.00","        536.65","        536.85","        535.12","     601643","           321950114.45","      21918","     228130","         37.92"
"CIPLA","EQ","29-Jun-2017","        536.85","        538.45","        546.95","        534.25","        546.90","        543.75","        540.46","    1252382","           676864654.50","      22486","     695141","         55.51"
"CIPLA","EQ","30-Jun-2017","        543.75","        545.00","        558.90","        542.50","        557.60","        555.60","        552.36","     830751","           458873305.90","      20310","     282400","         33.99"
"CIPLA","EQ","03-Jul-2017","        555.60","        559.00","        559.90","        548.85","        552.50","        551.85","        553.68","     490390","           271518700.30","      12025","     133001","         27.12"
"CIPLA","EQ","04-Jul-2017","        551.85","        557.70","        558.00","        543.30","        544.15","        545.05","        550.27","     559358","           307799228.40","      16634","     158082","         28.26"
"CIPLA","EQ","05-Jul-2017","        545.05","        546.10","        547.80","        541.45","        546.35","        545.90","        545.24","     833105","           454242779.65","      29494","     487968","         58.57"
"CIPLA","EQ","06-Jul-2017","        545.90","        546.35","        547.90","        540.10","        543.00","        542.85","        544.80","     556426","           303141163.40","      14792","     131838","         23.69"
"CIPLA","EQ","07-Jul-2017","        542.85","        542.60","        552.00","        541.50","        545.50","        547.15","        549.04","     893680","           490667359.15","      19461","     348802","         39.03"
"CIPLA","EQ","10-Jul-2017","        547.15","        550.00","        551.95","        546.00","        548.75","        549.20","        549.65","     123415","            67834518.90","       1963","      48612","         39.39"
"CIPLA","EQ","11-Jul-2017","        549.20","        550.50","        552.65","        536.05","        539.50","        538.45","        540.18","    1526837","           824773677.80","      31076","     830993","         54.43"
"CIPLA","EQ","12-Jul-2017","        538.45","        539.45","        543.50","        537.00","        539.05","        539.95","        539.66","    1039208","           560817722.00","      20832","     633466","         60.96"
"CIPLA","EQ","13-Jul-2017","        539.95","        540.20","        544.45","        538.85","        543.55","        543.65","        542.04","     694180","           376272276.50","      27309","     388904","         56.02"
"CIPLA","EQ","14-Jul-2017","        543.65","        544.25","        551.15","        540.85","        547.65","        548.05","        547.44","     960041","           525566006.00","      19654","     326067","         33.96"
"CIPLA","EQ","17-Jul-2017","        548.05","        549.00","        559.00","        546.70","        558.00","        556.50","        552.30","     692893","           382686291.80","      19513","     320976","         46.32"
"CIPLA","EQ","18-Jul-2017","        556.50","        558.00","        567.00","        555.10","        559.25","        559.75","        561.98","    1319574","           741572220.75","      47380","     710591","         53.85"
"CIPLA","EQ","19-Jul-2017","        559.75","        560.20","        569.45","        560.20","        567.80","        568.25","        566.91","     761444","           431666649.30","      26342","     284052","         37.30"
"CIPLA","EQ","20-Jul-2017","        568.25","        569.00","        577.00","        562.65","        570.00","        571.90","        572.50","    1090882","           624533344.95","      26241","     580006","         53.17"
"CIPLA","EQ","21-Jul-2017","        571.90","        570.00","        570.00","        560.15","        565.95","        566.20","        564.31","     672906","           379726484.95","      17290","     205107","         30.48"
"CIPLA","EQ","24-Jul-2017","        566.20","        564.00","        575.50","        562.10","        570.00","        569.75","        571.02","     873677","           498884290.80","      21335","     314988","         36.05"
"CIPLA","EQ","25-Jul-2017","        569.75","        571.00","        571.40","        562.40","        565.00","        564.40","        565.18","     510032","           288258731.20","      17067","     271716","         53.27"
"CIPLA","EQ","26-Jul-2017","        564.40","        564.70","        577.45","        563.50","        574.60","        575.45","        570.06","     864728","           492950503.60","      20813","     221582","         25.62"
"CIPLA","EQ","27-Jul-2017","        575.45","        573.70","        579.40","        565.00","        566.90","        568.70","        570.29","    1853099","          1056804187.70","      30389","    1012697","         54.65"
"CIPLA","EQ","28-Jul-2017","        568.70","        566.75","        570.90","        556.50","        566.80","        566.10","        564.00","     907951","           512085875.30","      19978","     492428","         54.24"
"CIPLA","EQ","31-Jul-2017","        566.10","        567.55","        568.95","        556.80","        561.90","        560.10","        560.19","     753415","           422058822.90","      15671","     458926","         60.91"
"CIPLA","EQ","01-Aug-2017","        560.10","        560.10","        565.90","        558.50","        562.85","        562.45","        561.94","     712732","           400509853.55","      30078","     303606","         42.60"
"CIPLA","EQ","02-Aug-2017","        562.45","        562.85","        570.90","        560.00","        567.50","        568.55","        565.48","     664681","           375863184.35","      19891","     361219","         54.34"
"CIPLA","EQ","03-Aug-2017","        568.55","        568.55","        575.00","        553.80","        555.00","        557.15","        566.61","    1065451","           603698072.00","      22668","     463541","         43.51"
"CIPLA","EQ","04-Aug-2017","        557.15","        551.90","        571.70","        543.05","        568.30","        568.70","        559.09","    1004233","           561456496.60","      26542","     170384","         16.97"
"CIPLA","EQ","07-Aug-2017","        568.70","        566.50","        571.10","        553.00","        565.20","        566.50","        565.34","     769606","           435090550.25","      34249","     373671","         48.55"
"CIPLA","EQ","08-Aug-2017","        566.50","        560.80","        580.00","        560.80","        579.80","        578.60","        572.44","    1367344","           782720116.70","      40269","     575800","         42.11"
"CIPLA","EQ","09-Aug-2017","        578.60","        581.00","        581.00","        557.25","        558.00","        561.85","        567.25","    1801630","          1021967883.85","      42055","     595358","         33.05"
"CIPLA","EQ","10-Aug-2017","        561.85","        560.00","        569.85","        541.50","        546.85","        548.20","        556.87","    1217416","           677938792.95","      25867","     361591","         29.70"
"CIPLA","EQ","11-Aug-2017","        548.20","        545.00","        563.70","        525.45","        549.70","        541.40","        544.86","    4337214","          2363186656.15","      68929","     484220","         11.16"
"CIPLA","EQ","14-Aug-2017","        541.40","        560.00","        576.00","        552.10","        569.50","        570.05","        568.70","    4029605","          2291621842.35","      67029","    1405239","         34.87"
"CIPLA","EQ","16-Aug-2017","        570.05","        569.50","        593.70","        561.05","        591.50","        590.45","        578.42","    1838012","          1063141120.15","      40404","     564253","         30.70"
"CIPLA","EQ","17-Aug-2017","        590.45","        593.40","        594.00","        569.90","        574.00","        573.20","        580.92","    1422631","           826427837.90","      29071","     485775","         34.15"
"CIPLA","EQ","18-Aug-2017","        573.20","        573.40","        575.80","        560.20","        564.90","        565.30","        566.38","    1680225","           951651149.05","      29827","     645734","         38.43"
"CIPLA","EQ","21-Aug-2017","        565.30","        566.90","        570.00","        555.15","        561.35","        561.75","        560.49","    1222907","           685422587.80","      23495","     491473","         40.19"
"CIPLA","EQ","22-Aug-2017","        561.75","        562.05","        567.65","        558.00","        560.40","        559.25","        562.57","     848353","           477255423.25","      19664","     301255","         35.51"
"CIPLA","EQ","23-Aug-2017","        559.25","        561.70","        565.00","        556.65","        557.65","        559.15","        560.95","     848822","           476142631.05","      23838","     315186","         37.13"
"CIPLA","EQ","24-Aug-2017","        559.15","        559.00","        575.75","        557.30","        575.55","        574.05","        568.87","    1866440","          1061768103.50","      51958","     914805","         49.01"
"CIPLA","EQ","28-Aug-2017","        574.05","        575.50","        581.00","        570.55","        573.00","        574.10","        576.57","     905222","           521919950.70","      34795","     458476","         50.65"
"CIPLA","EQ","29-Aug-2017","        574.10","        570.55","        574.05","        564.50","        570.85","        568.90","        568.53","     608351","           345868343.75","      17257","     130758","         21.49"
"CIPLA","EQ","30-Aug-2017","        568.90","        574.00","        576.00","        565.50","        567.80","        566.35","        570.76","     596376","           340387312.95","      16388","     314188","         52.68"
"CIPLA","EQ","31-Aug-2017","        566.35","        570.00","        578.00","        562.00","        575.00","        571.90","        569.92","    1908728","          1087830533.05","      38191","    1327545","         69.55"
"CIPLA","EQ","01-Sep-2017","        571.90","        573.00","        577.35","        565.10","        568.30","        568.40","        570.18","     891591","           508368613.45","      25992","     341733","         38.33"
"CIPLA","EQ","04-Sep-2017","        568.40","        574.50","        577.00","        557.55","        562.10","        561.70","        565.07","    1731377","           978356489.50","      29928","     586606","         33.88"
"CIPLA","EQ","05-Sep-2017","        561.70","        564.70","        565.85","        556.90","        558.50","        559.60","        560.18","     928770","           520277759.90","      19744","     433917","         46.72"
"CIPLA","EQ","06-Sep-2017","        559.60","        558.90","        560.60","        553.85","        557.75","        558.30","        558.69","     581901","           325103405.90","      13346","     169634","         29.15"
"CIPLA","EQ","07-Sep-2017","        558.30","        560.00","        561.00","        551.30","        552.70","        554.20","        555.60","     885205","           491821779.80","      27215","     383002","         43.27"
"CIPLA","EQ","08-Sep-2017","        554.20","        554.50","        558.00","        549.15","        551.00","        552.00","        553.61","     775272","           429198207.90","      17289","     247530","         31.93"
"CIPLA","EQ","11-Sep-2017","        552.00","        555.10","        558.15","        550.00","        551.30","        553.85","        554.62","     523800","           290512512.50","      12969","     236598","         45.17"
"CIPLA","EQ","12-Sep-2017","        553.85","        554.40","        562.80","        543.35","        558.55","        560.50","        554.24","    1330724","           737543115.05","      27849","     315794","         23.73"
"CIPLA","EQ","13-Sep-2017","        560.50","        556.00","        562.10","        552.55","        555.00","        554.40","        557.78","    1159840","           646930139.00","      34106","     369472","         31.86"
"CIPLA","EQ","14-Sep-2017","        554.40","        556.00","        567.30","        555.45","        565.85","        565.95","        564.02","    1600717","           902838446.75","      39580","     880440","         55.00"
"CIPLA","EQ","15-Sep-2017","        565.95","        564.85","        565.75","        556.55","        561.60","        561.40","        560.96","     926019","           519461051.35","      26598","     559604","         60.43"
"CIPLA","EQ","18-Sep-2017","        561.40","        563.20","        572.15","        560.65","        570.00","        570.70","        568.47","     649831","           369409516.25","      11761","     219796","         33.82"
"CIPLA","EQ","19-Sep-2017","        570.70","        571.70","        574.50","        564.50","        574.10","        573.40","        569.98","     675306","           384913696.60","      20419","     230205","         34.09"
"CIPLA","EQ","20-Sep-2017","        573.40","        572.50","        573.80","        565.20","        568.20","        569.70","        569.93","     759531","           432879652.50","      20169","     342476","         45.09"
"CIPLA","EQ","21-Sep-2017","        569.70","        570.05","        594.00","        570.05","        593.00","        591.90","        586.45","    3102522","          1819475920.05","      67113","    1136223","         36.62"
"CIPLA","EQ","22-Sep-2017","        591.90","        591.90","        600.00","        582.45","        584.00","        585.35","        594.82","    4003845","          2381569683.85","      41169","    2158513","         53.91"
"CIPLA","EQ","25-Sep-2017","        585.35","        581.90","        594.40","        564.35","        577.25","        577.20","        581.28","    2389495","          1388973021.60","      35766","    1058332","         44.29"
"CIPLA","EQ","26-Sep-2017","        577.20","        582.00","        582.00","        570.00","        577.00","        579.00","        577.33","     978323","           564810991.80","      25119","     301561","         30.82"
"CIPLA","EQ","27-Sep-2017","        579.00","        579.60","        580.70","        563.00","        568.95","        570.10","        570.61","     561243","           320253315.60","      15844","     176822","         31.51"
"CIPLA","EQ","28-Sep-2017","        570.10","        565.00","        589.00","        564.15","        582.25","        582.65","        579.98","    2993535","          1736187785.60","      35818","    1613535","         53.90"
"CIPLA","EQ","29-Sep-2017","        582.65","        580.00","        592.00","        577.75","        585.80","        586.10","        585.95","    1021610","           598609118.25","      33479","     393284","         38.50"
"CIPLA","EQ","03-Oct-2017","        586.10","        590.10","        592.75","        575.50","        577.40","        578.90","        584.10","     522462","           305167922.65","      15189","     181048","         34.65"
"CIPLA","EQ","04-Oct-2017","        578.90","        579.90","        587.40","        579.30","        583.05","        581.05","        583.72","     631463","           368598757.15","      17565","     168333","         26.66"
"CIPLA","EQ","05-Oct-2017","        581.05","        583.00","        590.00","        579.05","        585.00","        585.35","        586.91","     647977","           380304418.25","      21279","     169758","         26.20"
"CIPLA","EQ","06-Oct-2017","        585.35","        586.10","        589.20","        582.85","        585.10","        585.40","        586.58","     462656","           271383553.00","      12985","     130056","         28.11"
"CIPLA","EQ","09-Oct-2017","        585.40","        584.90","        595.50","        578.50","        587.00","        585.55","        590.33","    1116280","           658975127.45","      18619","     336739","         30.17"
"CIPLA","EQ","10-Oct-2017","        585.55","        590.00","        593.45","        585.55","        589.40","        590.15","        589.29","     741493","           436955231.70","      17887","     218767","         29.50"
"CIPLA","EQ","11-Oct-2017","        590.15","        591.00","        594.00","        579.55","        585.00","        586.15","        587.63","    1053561","           619108177.35","      14866","     599573","         56.91"
"CIPLA","EQ","12-Oct-2017","        586.15","        589.45","        593.35","        580.30","        591.00","        589.65","        585.28","     751507","           439841008.60","      16287","     284061","         37.80"
"CIPLA","EQ","13-Oct-2017","        589.65","        590.30","        598.25","        588.30","        592.90","        592.85","        593.41","     936015","           555441067.70","      23723","     497130","         53.11"
"CIPLA","EQ","16-Oct-2017","        592.85","        595.00","        608.90","        594.30","        605.00","        606.75","        604.31","    1716771","          1037462172.05","      33663","     723118","         42.12"
"CIPLA","EQ","17-Oct-2017","        606.75","        606.00","        635.90","        602.00","        631.85","        632.10","        620.48","    2563968","          1590880492.60","      36831","    1150371","         44.87"
"CIPLA","EQ","18-Oct-2017","        632.10","        631.00","        631.00","        609.00","        610.60","        611.00","        616.29","    1185323","           730505130.00","      19610","     291462","         24.59"
"CIPLA","EQ","19-Oct-2017","        611.00","        613.95","        613.95","        602.05","        608.00","        607.80","        608.58","     151609","            92265718.80","       3916","      34305","         22.63"
"CIPLA","EQ","23-Oct-2017","        607.80","        613.00","        619.45","        589.50","        592.10","        592.90","        599.00","    1413195","           846498247.25","      30054","     362600","         25.66"
"CIPLA","EQ","24-Oct-2017","        592.90","        600.30","        600.65","        591.30","        595.00","        595.05","        596.52","    1138645","           679221180.10","      28348","     432206","         37.96"
"CIPLA","EQ","25-Oct-2017","        595.05","        599.00","        604.00","        589.50","        589.85","        592.65","        597.91","     991374","           592751809.55","      23080","     546596","         55.14"
"CIPLA","EQ","26-Oct-2017","        592.65","        595.40","        616.80","        592.55","        614.00","        611.50","        608.02","    2002276","          1217416271.85","      41543","     832014","         41.55"
"CIPLA","EQ","27-Oct-2017","        611.50","        625.00","        629.80","        616.20","        622.90","        625.05","        624.11","    2198491","          1372093738.70","      50042","     538630","         24.50"
"CIPLA","EQ","30-Oct-2017","        625.05","        623.25","        630.00","        614.55","        625.50","        626.05","        624.28","    1045267","           652534102.25","      22173","     250584","         23.97"
"CIPLA","EQ","31-Oct-2017","        626.05","        629.00","        634.90","        621.60","        626.25","        627.60","        628.60","    1522851","           957265682.00","      38312","     793262","         52.09"
"CIPLA","EQ","01-Nov-2017","        627.60","        628.25","        633.35","        621.15","        623.00","        626.75","        628.94","    1359809","           855243422.05","      23372","     595540","         43.80"
"CIPLA","EQ","02-Nov-2017","        626.75","        626.40","        642.80","        625.15","        632.75","        636.00","        636.56","    2058898","          1310605076.60","      39288","     891737","         43.31"
"CIPLA","EQ","03-Nov-2017","        636.00","        640.00","        648.15","        629.55","        640.00","        640.10","        640.26","    1722647","          1102945578.65","      23537","     765672","         44.45"
"CIPLA","EQ","06-Nov-2017","        640.10","        637.10","        661.00","        636.90","        653.00","        654.80","        649.29","    2195805","          1425718217.10","      47108","     807396","         36.77"
"CIPLA","EQ","07-Nov-2017","        654.80","        663.40","        663.40","        602.00","        608.25","        607.55","        628.76","    7331364","          4609651324.75","     103099","     982329","         13.40"
"CIPLA","EQ","08-Nov-2017","        607.55","        624.85","        637.80","        620.00","        621.00","        622.60","        628.76","    5570213","          3502306212.00","      78597","    1454505","         26.11"
"CIPLA","EQ","09-Nov-2017","        622.60","        624.00","        628.00","        611.60","        614.60","        614.55","        617.31","    1809019","          1116718195.90","      25689","     724768","         40.06"
"CIPLA","EQ","10-Nov-2017","        614.55","        617.50","        621.50","        603.65","        608.35","        609.30","        613.52","    1400233","           859076870.20","      20015","     636124","         45.43"
"CIPLA","EQ","13-Nov-2017","        609.30","        610.30","        611.30","        595.70","        601.75","        602.10","        603.00","    1109147","           668811205.95","      19671","     391507","         35.30"
"CIPLA","EQ","14-Nov-2017","        602.10","        598.00","        613.30","        598.00","        602.60","        602.45","        607.04","    1498244","           909490365.40","      37554","     653599","         43.62"
"CIPLA","EQ","15-Nov-2017","        602.45","        602.65","        607.95","        590.20","        593.30","        593.65","        598.51","    1171698","           701272130.45","      18921","     420778","         35.91"
"CIPLA","EQ","16-Nov-2017","        593.65","        595.35","        599.45","        590.00","        593.50","        592.85","        593.32","    1228065","           728639618.50","      24094","     602111","         49.03"
"CIPLA","EQ","17-Nov-2017","        592.85","        607.00","        614.90","        600.65","        605.75","        608.55","        609.24","    1448847","           882702591.55","      28091","     335365","         23.15"
"CIPLA","EQ","20-Nov-2017","        608.55","        605.55","        608.00","        596.10","        603.80","        604.25","        600.96","    1609788","           967417726.40","      28372","     661077","         41.07"
"CIPLA","EQ","21-Nov-2017","        604.25","        607.00","        624.00","        607.00","        614.85","        616.10","        617.44","    2222545","          1372279206.55","      34757","     699843","         31.49"
"CIPLA","EQ","22-Nov-2017","        616.10","        616.90","        625.70","        614.00","        620.00","        619.25","        620.37","    2014698","          1249860545.30","      31737","     891914","         44.27"
"CIPLA","EQ","23-Nov-2017","        619.25","        619.25","        625.20","        615.00","        615.35","        617.60","        619.37","     792383","           490775168.20","      17488","     354586","         44.75"
"CIPLA","EQ","24-Nov-2017","        617.60","        619.50","        623.90","        613.25","        617.20","        615.70","        618.96","    1118354","           692211184.70","      24054","     342511","         30.63"
"CIPLA","EQ","27-Nov-2017","        615.70","        617.00","        619.90","        611.05","        615.00","        614.80","        614.02","    1388114","           852323437.35","      24486","     748901","         53.95"
"CIPLA","EQ","28-Nov-2017","        614.80","        616.00","        621.70","        609.80","        613.20","        611.80","        615.74","    1486189","           915107007.60","      17972","     724074","         48.72"
"CIPLA","EQ","29-Nov-2017","        611.80","        615.00","        619.40","        605.25","        607.00","        607.90","        611.13","    1465289","           895483060.25","      19919","     837831","         57.18"
"CIPLA","EQ","30-Nov-2017","        607.90","        605.00","        607.85","        597.05","        602.40","        600.90","        600.29","    1612910","           968217855.30","      34403","     669010","         41.48"
"CIPLA","EQ","01-Dec-2017","        600.90","        604.50","        606.00","        593.70","        598.00","        598.10","        598.41","     747562","           447351299.65","      15213","     278449","         37.25"
"CIPLA","EQ","04-Dec-2017","        598.10","        599.30","        602.80","        588.80","        595.70","        596.70","        594.93","     660077","           392697045.45","      17169","     207675","         31.46"
"CIPLA","EQ","05-Dec-2017","        596.70","        595.00","        599.85","        591.75","        597.65","        596.45","        594.95","     979009","           582460056.70","      41590","     460918","         47.08"
"CIPLA","EQ","06-Dec-2017","        596.45","        595.80","        603.80","        594.50","        597.00","        596.45","        598.29","     919271","           549986831.55","      32360","     415790","         45.23"
"CIPLA","EQ","07-Dec-2017","        596.45","        598.00","        600.00","        588.30","        594.00","        593.45","        594.39","     752359","           447196687.75","      18632","     212263","         28.21"
"CIPLA","EQ","08-Dec-2017","        593.45","        595.00","        607.00","        592.45","        605.00","        603.10","        598.66","     606123","           362859187.00","      17454","     229426","         37.85"
"CIPLA","EQ","11-Dec-2017","        603.10","        612.00","        612.95","        597.20","        603.90","        603.65","        602.73","     850998","           512920618.75","      31966","     281168","         33.04"
"CIPLA","EQ","12-Dec-2017","        603.65","        604.70","        606.00","        590.00","        591.45","        591.65","        596.40","     762200","           454576102.80","      17839","     292071","         38.32"
"CIPLA","EQ","13-Dec-2017","        591.65","        591.50","        598.15","        576.35","        579.50","        578.15","        586.40","    1197264","           702076161.10","      16695","     408705","         34.14"
"CIPLA","EQ","14-Dec-2017","        578.15","        580.00","        593.70","        575.10","        592.00","        590.45","        582.45","    1428906","           832262677.95","      22425","     532610","         37.27"
"CIPLA","EQ","15-Dec-2017","        590.45","        597.00","        597.00","        573.20","        575.20","        576.45","        579.47","    4312419","          2498910999.85","      56220","    3189850","         73.97"
"CIPLA","EQ","18-Dec-2017","        576.45","        578.40","        594.90","        571.65","        591.35","        591.65","        588.35","    2379562","          1400025147.25","      68276","     835817","         35.12"
"CIPLA","EQ","19-Dec-2017","        591.65","        592.45","        605.70","        592.45","        603.90","        603.90","        600.07","    1474696","           884920400.00","      38454","     676298","         45.86"
"CIPLA","EQ","20-Dec-2017","        603.90","        605.70","        611.00","        597.75","        599.65","        600.65","        604.75","    1068145","           645964325.70","      30475","     363419","         34.02"
"CIPLA","EQ","21-Dec-2017","        600.65","        602.95","        608.70","        596.00","        601.00","        599.80","        603.32","    1274585","           768981377.80","      22152","     508811","         39.92"
"CIPLA","EQ","22-Dec-2017","        599.80","        603.00","        604.00","        598.85","        602.80","        601.20","        601.21","     668806","           402089719.05","      19727","     215395","         32.21"
"CIPLA","EQ","26-Dec-2017","        601.20","        604.05","        614.90","        596.10","        612.85","        611.75","        608.93","    1239536","           754792005.55","      22152","     652739","         52.66"
"CIPLA","EQ","27-Dec-2017","        611.75","        613.00","        623.75","        610.20","        612.40","        612.65","        617.76","    1765029","          1090366330.95","      29936","     371531","         21.05"
"CIPLA","EQ","28-Dec-2017","        612.65","        614.00","        616.15","        603.20","        605.00","        606.05","        608.93","    1428319","           869740242.20","      16900","     786408","         55.06"
"CIPLA","EQ","29-Dec-2017","        606.05","        606.15","        611.90","        604.10","        607.00","        608.50","        608.20","     702774","           427426995.40","      18931","     300144","         42.71"
"CIPLA","EQ","01-Jan-2018","        608.50","        608.00","        617.85","        607.00","        616.30","        611.50","        612.34","     873546","           534903891.50","      13525","     379219","         43.41"
"CIPLA","EQ","02-Jan-2018","        611.50","        614.20","        619.00","        605.50","        610.00","        607.80","        612.43","    1038258","           635863120.15","      18286","     231787","         22.32"
"CIPLA","EQ","03-Jan-2018","        607.80","        611.00","        613.90","        604.55","        605.00","        606.80","        609.48","     771828","           470411398.15","      15587","     168624","         21.85"
"CIPLA","EQ","04-Jan-2018","        606.80","        609.45","        618.40","        603.45","        615.50","        616.75","        609.13","     990602","           603402889.75","      17080","     185912","         18.77"
"CIPLA","EQ","05-Jan-2018","        616.75","        617.00","        619.85","        611.10","        612.70","        615.15","        615.96","    1072254","           660462307.55","      25058","     440156","         41.05"
"CIPLA","EQ","08-Jan-2018","        615.15","        618.50","        627.50","        612.20","        614.15","        615.05","        618.73","    1061612","           656855962.35","      29645","     425538","         40.08"
"CIPLA","EQ","09-Jan-2018","        615.05","        617.00","        618.65","        610.65","        614.30","        615.60","        615.53","     846158","           520839834.05","      26011","     310538","         36.70"
"CIPLA","EQ","10-Jan-2018","        615.60","        616.00","        624.15","        612.85","        617.05","        619.75","        619.23","    1207313","           747600809.05","      20215","     539332","         44.67"
"CIPLA","EQ","11-Jan-2018","        619.75","        619.00","        619.00","        609.10","        612.05","        612.35","        611.89","    1092457","           668464356.50","      27909","     434770","         39.80"
"CIPLA","EQ","12-Jan-2018","        612.35","        614.00","        618.40","        603.10","        612.00","        612.10","        610.77","     891848","           544712636.80","      17088","     249497","         27.98"
"CIPLA","EQ","15-Jan-2018","        612.10","        612.50","        615.50","        608.20","        611.30","        610.25","        611.69","     470386","           287731067.35","      14983","     211239","         44.91"
"CIPLA","EQ","16-Jan-2018","        610.25","        610.15","        613.50","        599.00","        600.60","        601.40","        604.53","    1088762","           658194427.00","      25526","     574074","         52.73"
"CIPLA","EQ","17-Jan-2018","        601.40","        601.05","        610.60","        597.05","        610.00","        607.15","        603.84","     883340","           533392696.05","      18520","     333786","         37.79"
"CIPLA","EQ","18-Jan-2018","        607.15","        608.10","        612.95","        598.25","        603.65","        603.65","        604.21","    1028921","           621680039.05","      30950","     532226","         51.73"
"CIPLA","EQ","19-Jan-2018","        603.65","        603.65","        605.10","        600.15","        605.00","        602.75","        602.35","     818518","           493036458.70","      15150","     534629","         65.32"
"CIPLA","EQ","22-Jan-2018","        602.75","        604.40","        605.00","        593.10","        601.00","        601.15","        598.49","     933769","           558853448.40","      19162","     395083","         42.31"
"CIPLA","EQ","23-Jan-2018","        601.15","        602.50","        625.00","        600.30","        622.65","        622.35","        617.94","    2105060","          1300798389.90","      41993","    1045000","         49.64"
"CIPLA","EQ","24-Jan-2018","        622.35","        621.95","        623.75","        612.90","        618.15","        618.30","        618.18","    1089562","           673541999.85","      25501","     407496","         37.40"
"CIPLA","EQ","25-Jan-2018","        618.30","        618.15","        631.00","        613.70","        620.15","        621.40","        621.76","    2973765","          1848966980.95","      56525","    1217992","         40.96"
"CIPLA","EQ","29-Jan-2018","        621.40","        624.95","        628.40","        611.10","        612.05","        615.00","        618.70","    1564268","           967813094.60","      26376","     953327","         60.94"
"CIPLA","EQ","30-Jan-2018","        615.00","        613.00","        613.10","        603.20","        605.85","        605.95","        607.48","     596682","           362471240.80","      18491","     252311","         42.29"
"CIPLA","EQ","31-Jan-2018","        605.95","        608.00","        608.50","        590.00","        591.80","        592.15","        594.81","    1264055","           751874917.70","      34253","     667016","         52.77"
"CIPLA","EQ","01-Feb-2018","        592.15","        591.90","        597.00","        580.20","        590.25","        587.05","        589.29","    1050098","           618808220.00","      30800","     390665","         37.20"
"CIPLA","EQ","02-Feb-2018","        587.05","        586.00","        593.90","        575.10","        579.00","        581.15","        586.40","     998752","           585668646.25","      19312","     378044","         37.85"
"CIPLA","EQ","05-Feb-2018","        581.15","        576.00","        582.10","        571.20","        580.10","        580.10","        576.29","     797017","           459310065.85","      29462","     254649","         31.95"
"CIPLA","EQ","06-Feb-2018","        580.10","        561.00","        572.00","        558.05","        561.95","        564.25","        563.60","    1284112","           723724433.85","      41667","     625528","         48.71"
"CIPLA","EQ","07-Feb-2018","        564.25","        578.50","        579.90","        554.20","        570.00","        569.25","        565.21","    3161498","          1786896466.25","      47020","     624738","         19.76"
"CIPLA","EQ","08-Feb-2018","        569.25","        584.00","        617.15","        580.15","        616.00","        612.65","        605.33","    8349913","          5054434530.00","     128224","    1704144","         20.41"
"CIPLA","EQ","09-Feb-2018","        612.65","        595.00","        626.00","        595.00","        626.00","        621.40","        612.92","    2373799","          1454947096.25","      39085","     704493","         29.68"
"CIPLA","EQ","12-Feb-2018","        621.40","        629.35","        635.00","        618.85","        621.00","        621.65","        626.83","    1957424","          1226965228.20","      38989","     718900","         36.73"
"CIPLA","EQ","14-Feb-2018","        621.65","        622.10","        630.30","        611.50","        613.25","        616.15","        621.56","    1306512","           812072619.45","      24024","     312274","         23.90"
"CIPLA","EQ","15-Feb-2018","        616.15","        613.25","        621.45","        602.95","        606.05","        605.85","        612.82","    1391858","           852958651.40","      35104","     340204","         24.44"
"CIPLA","EQ","16-Feb-2018","        605.85","        611.30","        613.95","        605.50","        609.40","        611.10","        610.17","     906025","           552829097.45","      19179","     150559","         16.62"
"CIPLA","EQ","19-Feb-2018","        611.10","        612.00","        612.15","        594.35","        600.95","        600.40","        600.60","    1216005","           730333179.55","      26068","     315132","         25.92"
"CIPLA","EQ","20-Feb-2018","        600.40","        603.45","        606.10","        592.00","        603.50","        603.45","        598.70","    1599249","           957469220.35","      28717","     772958","         48.33"
"CIPLA","EQ","21-Feb-2018","        603.45","        607.00","        607.75","        589.25","        595.00","        597.25","        597.23","    1409752","           841941842.60","      21356","     741965","         52.63"
"CIPLA","EQ","22-Feb-2018","        597.25","        595.00","        597.25","        586.60","        588.00","        589.65","        590.88","    1859008","          1098451899.20","      23547","    1228424","         66.08"
"CIPLA","EQ","23-Feb-2018","        589.65","        591.80","        605.00","        590.00","        594.00","        595.65","        597.82","    1576584","           942521102.55","      41664","     546035","         34.63"
"CIPLA","EQ","26-Feb-2018","        595.65","        596.25","        598.30","        588.75","        589.50","        590.10","        592.66","    1417465","           840072974.65","      30252","     878418","         61.97"
"CIPLA","EQ","27-Feb-2018","        590.10","        591.70","        598.90","        583.10","        586.65","        586.50","        590.04","    1349590","           796305481.15","      26690","     603048","         44.68"
"CIPLA","EQ","28-Feb-2018","        586.50","        590.00","        596.60","        587.10","        591.00","        589.65","        592.28","    2255189","          1335695161.70","      48667","     660839","         29.30"
"CIPLA","EQ","01-Mar-2018","        589.65","        593.90","        593.90","        580.40","        585.00","        581.70","        585.40","    1343806","           786663635.35","      23762","     488440","         36.35"
"CIPLA","EQ","05-Mar-2018","        581.70","        582.10","        585.00","        578.05","        580.50","        579.25","        580.82","    1179725","           685205241.60","      27175","     401233","         34.01"
"CIPLA","EQ","06-Mar-2018","        579.25","        581.60","        589.40","        580.05","        585.00","        584.10","        585.32","    1891302","          1107025403.50","      50801","    1179100","         62.34"
"CIPLA","EQ","07-Mar-2018","        584.10","        587.45","        589.10","        578.20","        580.00","        580.20","        583.49","    1849650","          1079256441.70","      31700","     986400","         53.33"
"CIPLA","EQ","08-Mar-2018","        580.20","        584.00","        584.00","        574.00","        576.00","        578.00","        579.00","    1084582","           627977637.40","      27340","     403316","         37.19"
"CIPLA","EQ","09-Mar-2018","        578.00","        579.95","        585.20","        568.05","        572.90","        571.05","        577.04","    1149194","           663134195.45","      25608","     454860","         39.58"
"CIPLA","EQ","12-Mar-2018","        571.05","        575.05","        582.20","        563.55","        578.70","        580.65","        573.86","     919792","           527827403.15","      29567","     309965","         33.70"
"CIPLA","EQ","13-Mar-2018","        580.65","        579.00","        582.90","        575.15","        580.35","        578.75","        579.32","     801792","           464496250.95","      34299","     278195","         34.70"
"CIPLA","EQ","14-Mar-2018","        578.75","        578.35","        583.80","        571.65","        577.60","        577.90","        575.92","     811747","           467504896.65","      20853","     269301","         33.18"
"CIPLA","EQ","15-Mar-2018","        577.90","        578.00","        579.60","        569.00","        570.75","        571.15","        573.59","     849222","           487105092.75","      20337","     376132","         44.29"
"CIPLA","EQ","16-Mar-2018","        571.15","        570.10","        574.00","        557.05","        561.85","        559.40","        561.66","    1867538","          1048914215.80","      41846","    1200393","         64.28"
"CIPLA","EQ","19-Mar-2018","        559.40","        563.65","        566.90","        555.40","        556.40","        559.75","        560.80","    1447941","           812007561.75","      35857","     752030","         51.94"
"CIPLA","EQ","20-Mar-2018","        559.75","        555.10","        561.85","        522.90","        555.25","        552.90","        546.73","    9119209","          4985721539.60","     107504","    2719489","         29.82"
"CIPLA","EQ","21-Mar-2018","        552.90","        558.50","        567.45","        546.40","        551.00","        551.05","        559.49","    3091963","          1729908902.70","      49598","    1024924","         33.15"
"CIPLA","EQ","22-Mar-2018","        551.05","        551.90","        555.00","        538.15","        540.50","        540.75","        545.62","    1506405","           821921006.35","      26789","     488263","         32.41"
"CIPLA","EQ","23-Mar-2018","        540.75","        539.00","        540.70","        534.00","        536.20","        538.40","        537.53","    1203262","           646784724.20","      24811","     411948","         34.24"
"CIPLA","EQ","26-Mar-2018","        538.40","        538.15","        544.60","        532.95","        541.50","        541.80","        541.07","    1105319","           598055510.40","      19782","     471427","         42.65"
"CIPLA","EQ","27-Mar-2018","        541.80","        541.00","        549.00","        541.00","        545.00","        545.05","        544.95","    2206872","          1202624571.45","      38803","    1367103","         61.95"
"CIPLA","EQ","28-Mar-2018","        545.05","        544.00","        548.80","        534.00","        546.05","        545.45","        542.01","    2667979","          1446077238.45","      56947","    1384233","         51.88"
"CIPLA","EQ","02-Apr-2018","        545.45","        548.00","        578.95","        545.90","        578.00","        576.25","        568.96","    2823880","          1606680223.60","      84475","    1085127","         38.43"
"CIPLA","EQ","03-Apr-2018","        576.25","        572.00","        578.35","        568.80","        571.00","        570.30","        572.39","    2493190","          1427080985.55","      60178","    1448419","         58.10"
"CIPLA","EQ","04-Apr-2018","        570.30","        572.35","        575.45","        564.50","        571.50","        569.80","        569.35","    1852997","          1055012101.05","      36414","    1021635","         55.13"
"CIPLA","EQ","05-Apr-2018","        569.80","        574.00","        578.55","        558.35","        560.00","        560.35","        563.94","    2396864","          1351681592.10","      28863","    1323392","         55.21"
"CIPLA","EQ","06-Apr-2018","        560.35","        560.30","        571.00","        557.25","        559.80","        558.95","        562.39","    2420324","          1361154204.45","      54774","    1200461","         49.60"
"CIPLA","EQ","09-Apr-2018","        558.95","        565.90","        565.90","        555.50","        555.70","        556.75","        559.65","    1470765","           823112935.15","      38324","     661471","         44.97"
"CIPLA","EQ","10-Apr-2018","        556.75","        558.00","        567.00","        556.60","        557.70","        558.15","        561.63","    1591682","           893938904.25","      43864","     614104","         38.58"
"CIPLA","EQ","11-Apr-2018","        558.15","        560.70","        564.00","        558.50","        560.00","        561.50","        560.81","    1789789","          1003733353.15","      23652","    1042928","         58.27"
"CIPLA","EQ","12-Apr-2018","        561.50","        562.90","        562.95","        554.80","        556.00","        556.15","        557.53","    1309557","           730112683.20","      29140","     741078","         56.59"
"CIPLA","EQ","13-Apr-2018","        556.15","        557.55","        561.15","        552.55","        554.95","        555.50","        556.84","    1019158","           567511498.60","      22266","     536887","         52.68"
"CIPLA","EQ","16-Apr-2018","        555.50","        553.05","        587.80","        553.05","        585.05","        584.95","        577.28","    6741354","          3891675302.10","      73379","    1419460","         21.06"
"CIPLA","EQ","17-Apr-2018","        584.95","        585.55","        588.35","        575.70","        580.00","        579.95","        581.26","    2688507","          1562710727.00","      40517","     705845","         26.25"
"CIPLA","EQ","18-Apr-2018","        579.95","        582.00","        597.00","        582.00","        586.05","        584.60","        589.95","    3853951","          2273651438.55","      64548","     664694","         17.25"
"CIPLA","EQ","19-Apr-2018","        584.60","        584.25","        592.00","        583.05","        584.00","        584.40","        586.09","    1525419","           894034469.50","      32205","     721217","         47.28"
"CIPLA","EQ","20-Apr-2018","        584.40","        582.35","        593.40","        581.50","        590.00","        589.05","        588.36","    1641179","           965603063.00","      24515","     681742","         41.54"
"CIPLA","EQ","23-Apr-2018","        589.05","        576.00","        601.75","        576.00","        601.00","        600.15","        593.17","    3016500","          1789296636.20","      51069","    1378489","         45.70"
"CIPLA","EQ","24-Apr-2018","        600.15","        601.00","        604.90","        595.10","        601.60","        601.90","        600.89","    2782988","          1672269254.65","      46386","    1583242","         56.89"
"CIPLA","EQ","25-Apr-2018","        601.90","        600.50","        600.50","        586.20","        592.50","        593.05","        591.88","    1125208","           665987834.35","      19286","     212249","         18.86"
"CIPLA","EQ","26-Apr-2018","        593.05","        591.00","        602.90","        590.55","        598.90","        599.95","        598.39","    1503008","           899380161.25","      24913","     658321","         43.80"
"CIPLA","EQ","27-Apr-2018","        599.95","        602.00","        607.00","        593.00","        601.00","        599.85","        600.49","    1031376","           619327441.20","      23188","     306147","         29.68"
"CIPLA","EQ","30-Apr-2018","        599.85","        602.20","        609.00","        602.00","        605.95","        607.40","        605.80","     687828","           416686921.70","      19608","     190551","         27.70"
"CIPLA","EQ","02-May-2018","        607.40","        610.00","        621.90","        608.95","        611.50","        612.00","        615.46","    1862999","          1146600367.90","      58809","     501915","         26.94"
"CIPLA","EQ","03-May-2018","        612.00","        613.00","        613.10","        597.00","        611.90","        609.30","        603.32","     999887","           603247518.65","      22122","     191603","         19.16"
"CIPLA","EQ","04-May-2018","        609.30","        612.10","        612.45","        595.50","        597.30","        597.00","        601.04","     925559","           556296303.20","      17301","     225088","         24.32"
"CIPLA","EQ","07-May-2018","        597.00","        598.60","        600.10","        585.00","        590.90","        591.05","        591.68","    1046885","           619416058.85","      14665","     581209","         55.52"
"CIPLA","EQ","08-May-2018","        591.05","        592.40","        601.95","        586.55","        591.35","        590.65","        592.87","    1039491","           616281459.55","      20005","     332396","         31.98"
"CIPLA","EQ","09-May-2018","        590.65","        591.40","        596.00","        585.55","        589.60","        588.00","        589.68","     652527","           384781027.25","      14140","     240262","         36.82"
"CIPLA","EQ","10-May-2018","        588.00","        594.00","        594.60","        572.50","        574.10","        575.50","        581.98","    2163326","          1259006482.95","      40811","     989504","         45.74"
"CIPLA","EQ","11-May-2018","        575.50","        577.05","        580.75","        565.10","        574.75","        573.70","        573.07","     921890","           528305650.25","      26870","     277309","         30.08"
"CIPLA","EQ","14-May-2018","        573.70","        575.00","        580.50","        570.85","        578.80","        578.50","        576.42","     888370","           512074947.45","      23357","     349714","         39.37"
"CIPLA","EQ","15-May-2018","        578.50","        579.80","        593.00","        573.10","        575.00","        575.80","        578.75","    2049528","          1186159827.55","      22163","    1260941","         61.52"
"CIPLA","EQ","16-May-2018","        575.80","        575.00","        575.00","        546.00","        556.20","        559.90","        557.80","    4071898","          2271323302.35","      46559","    1796492","         44.12"
"CIPLA","EQ","17-May-2018","        559.90","        557.90","        560.00","        538.80","        554.80","        553.75","        549.64","    3719963","          2044638130.25","      76626","    1760678","         47.33"
"CIPLA","EQ","18-May-2018","        553.75","        555.00","        556.00","        530.00","        531.60","        533.05","        540.64","    1708157","           923506119.40","      49589","     585533","         34.28"
"CIPLA","EQ","21-May-2018","        533.05","        531.65","        536.80","        516.00","        518.50","        520.45","        525.31","    2013336","          1057616194.10","      45529","     632025","         31.39"
"CIPLA","EQ","22-May-2018","        520.45","        524.80","        531.10","        507.20","        525.00","        524.00","        520.42","    3080285","          1603038681.25","      55113","     772633","         25.08"
"CIPLA","EQ","23-May-2018","        524.00","        515.00","        564.90","        515.00","        534.00","        532.40","        543.16","    7413823","          4026910539.95","     109221","    1282221","         17.30"
"CIPLA","EQ","24-May-2018","        532.40","        536.50","        544.55","        530.00","        534.95","        533.50","        536.06","    1925524","          1032199520.10","      38336","     706965","         36.72"
"CIPLA","EQ","25-May-2018","        533.50","        538.85","        538.85","        527.50","        535.55","        536.65","        533.09","    1525355","           813147256.70","      34191","     601045","         39.40"
"CIPLA","EQ","28-May-2018","        536.65","        534.00","        548.30","        534.00","        540.80","        539.50","        543.04","    1460566","           793141164.60","      33488","     459220","         31.44"
"CIPLA","EQ","29-May-2018","        539.50","        539.10","        542.60","        527.70","        530.65","        530.60","        533.24","    2656979","          1416811582.05","      59455","    1750651","         65.89"
"CIPLA","EQ","30-May-2018","        530.60","        529.10","        529.10","        519.55","        525.40","        525.60","        524.70","    2156315","          1131408459.20","      72202","     983901","         45.63"
"CIPLA","EQ","31-May-2018","        525.60","        528.60","        533.65","        521.05","        522.75","        524.80","        525.62","    3539206","          1860285406.60","      70878","    2117055","         59.82"
"CIPLA","EQ","01-Jun-2018","        524.80","        526.95","        530.75","        521.05","        524.80","        524.50","        525.39","    1625446","           853986002.85","      27716","     368423","         22.67"
"CIPLA","EQ","04-Jun-2018","        524.50","        527.50","        529.00","        517.15","        519.85","        520.70","        522.75","    1247023","           651879304.80","      34129","     384925","         30.87"
"CIPLA","EQ","05-Jun-2018","        520.70","        520.30","        544.75","        517.70","        542.10","        542.10","        533.43","    3398337","          1812783111.65","      81233","     964375","         28.38"
"CIPLA","EQ","06-Jun-2018","        542.10","        542.10","        548.00","        533.40","        538.35","        538.45","        540.01","    2909756","          1571301491.05","      51444","     769304","         26.44"
"CIPLA","EQ","07-Jun-2018","        538.45","        541.95","        542.55","        537.20","        540.50","        540.70","        539.86","    1119973","           604631434.05","      28642","     582231","         51.99"
"CIPLA","EQ","08-Jun-2018","        540.70","        541.80","        562.00","        538.75","        557.00","        559.65","        554.31","    4815940","          2669543516.60","      77460","    1578721","         32.78"
"CIPLA","EQ","11-Jun-2018","        559.65","        560.00","        570.00","        559.00","        559.75","        560.80","        564.13","    3113604","          1756473523.70","      70388","    1519583","         48.80"
"CIPLA","EQ","12-Jun-2018","        560.80","        561.90","        573.00","        561.00","        566.90","        567.10","        568.78","    3234303","          1839623001.35","      90713","    1496046","         46.26"
"CIPLA","EQ","13-Jun-2018","        567.10","        569.95","        593.50","        569.95","        581.95","        582.10","        584.18","    4657712","          2720956242.20","      79827","    1279454","         27.47"
"CIPLA","EQ","14-Jun-2018","        582.10","        588.95","        592.90","        583.50","        589.80","        588.05","        587.29","    3244655","          1905551368.00","      57021","     870310","         26.82"
"CIPLA","EQ","15-Jun-2018","        588.05","        590.00","        614.55","        589.80","        610.05","        611.60","        606.10","    7125922","          4319039871.95","     140989","    3225841","         45.27"
"CIPLA","EQ","18-Jun-2018","        611.60","        612.00","        618.80","        600.30","        606.15","        606.50","        608.73","    2518169","          1532872479.60","      45081","     429665","         17.06"
"CIPLA","EQ","19-Jun-2018","        606.50","        606.25","        610.45","        598.20","        601.50","        601.85","        603.76","    2992184","          1806562737.25","      65041","    1508577","         50.42"
